TILE,LOGIC4,,,,,,,,,,,,,,,,,
#direction,source_name,X-offset,Y-offset,destination_name,wires
NORTH,N1BEG,0,-1,N1END,4,,,,,,,,,,,,,
EAST,E1BEG,1,0,E1END,4,,,,,,,,,,,,,
SOUTH,S1BEG,0,1,S1END,4,,,,,,,,,,,,,
WEST,W1BEG,-1,0,W1END,4,,,,,,,,,,,,,
JUMP,J_SR_BEG,0,0,J_SR_END,1,,,,,,,,,,,,,
JUMP,J_EN_BEG,0,0,J_EN_END,4,,,,,,,,,,,,,
BEL,./lut4_ff_bel.v,LA_,,,,,,,,,,,,,,,,
BEL,./lut4_ff_bel.v,LB_,,,,,,,,,,,,,,,,
BEL,./lut4_ff_bel.v,LC_,,,,,,,,,,,,,,,,
BEL,./lut4_ff_bel.v,LD_,,,,,,,,,,,,,,,,
MATRIX,./LOGIC4_switch_matrix.list,,,,,,,,,,,,,,,,,
EndTILE,,,,,,,,,,,,,,,,,,
